competition,season,date,home_team,away_team,home_goals,away_goals,neutral_site,stage,round,score_basis,decided_by_penalties,winner,notes
CSL,2026,2026-03-06,Chengdu Rongcheng,Shenzhen Peng City,5,1,False,League,Round 1,FT90,False,Chengdu Rongcheng,
CSL,2026,2026-03-07,Shandong Taishan,Liaoning Tieren,3,0,False,League,Round 1,FT90,False,Shandong Taishan,
CSL,2026,2026-03-07,Tianjin Jinmen Tiger,Chongqing Tongliang Long,0,0,False,League,Round 1,FT90,False,,
CSL,2026,2026-03-07,Shanghai Shenhua,Dalian Yingbo,5,3,False,League,Round 1,FT90,False,Shanghai Shenhua,
CSL,2026,2026-03-07,Shanghai Port,Henan,1,2,False,League,Round 1,FT90,False,Henan,
CSL,2026,2026-03-07,Yunnan Yukun,Qingdao Hainiu,3,1,False,League,Round 1,FT90,False,Yunnan Yukun,
CSL,2026,2026-03-08,Zhejiang Professional,Qingdao West Coast,2,0,False,League,Round 1,FT90,False,Zhejiang Professional,
CSL,2026,2026-03-08,Wuhan Three Towns,Beijing Guoan,0,2,False,League,Round 1,FT90,False,Beijing Guoan,
CSL,2026,2026-03-13,Wuhan Three Towns,Dalian Yingbo,4,1,False,League,Round 2,FT90,False,Wuhan Three Towns,
CSL,2026,2026-03-14,Shandong Taishan,Beijing Guoan,2,1,False,League,Round 2,FT90,False,Shandong Taishan,
CSL,2026,2026-03-14,Zhejiang Professional,Shanghai Shenhua,1,1,False,League,Round 2,FT90,False,,
CSL,2026,2026-03-14,Chongqing Tongliang Long,Liaoning Tieren,1,0,False,League,Round 2,FT90,False,Chongqing Tongliang Long,
CSL,2026,2026-03-14,Shenzhen Peng City,Tianjin Jinmen Tiger,1,0,False,League,Round 2,FT90,False,Shenzhen Peng City,
CSL,2026,2026-03-15,Henan,Yunnan Yukun,2,1,False,League,Round 2,FT90,False,Henan,
CSL,2026,2026-03-15,Shanghai Port,Qingdao West Coast,4,1,False,League,Round 2,FT90,False,Shanghai Port,
CSL,2026,2026-03-15,Chengdu Rongcheng,Qingdao Hainiu,1,0,False,League,Round 2,FT90,False,Chengdu Rongcheng,
CSL,2026,2026-03-20,Dalian Yingbo,Shanghai Port,1,0,False,League,Round 3,FT90,False,Dalian Yingbo,
CSL,2026,2026-03-20,Qingdao Hainiu,Zhejiang Professional,1,4,False,League,Round 3,FT90,False,Zhejiang Professional,
CSL,2026,2026-03-21,Beijing Guoan,Shanghai Shenhua,1,1,False,League,Round 3,FT90,False,,
CSL,2026,2026-03-21,Liaoning Tieren,Tianjin Jinmen Tiger,3,0,False,League,Round 3,FT90,False,Liaoning Tieren,
CSL,2026,2026-03-21,Henan,Wuhan Three Towns,1,1,False,League,Round 3,FT90,False,,
CSL,2026,2026-03-21,Chongqing Tongliang Long,Chengdu Rongcheng,3,3,False,League,Round 3,FT90,False,,
CSL,2026,2026-03-21,Qingdao West Coast,Shenzhen Peng City,1,0,False,League,Round 3,FT90,False,Qingdao West Coast,
CSL,2026,2026-03-21,Yunnan Yukun,Shandong Taishan,4,0,False,League,Round 3,FT90,False,Yunnan Yukun,
CSL,2026,2026-04-03,Chengdu Rongcheng,Qingdao West Coast,5,1,False,League,Round 4,FT90,False,Chengdu Rongcheng,
CSL,2026,2026-04-04,Liaoning Tieren,Beijing Guoan,2,1,False,League,Round 4,FT90,False,Liaoning Tieren,
CSL,2026,2026-04-04,Qingdao Hainiu,Henan,1,0,False,League,Round 4,FT90,False,Qingdao Hainiu,
CSL,2026,2026-04-04,Shandong Taishan,Dalian Yingbo,1,2,False,League,Round 4,FT90,False,Dalian Yingbo,
CSL,2026,2026-04-04,Shanghai Port,Yunnan Yukun,2,1,False,League,Round 4,FT90,False,Shanghai Port,
CSL,2026,2026-04-05,Zhejiang Professional,Chongqing Tongliang Long,0,1,False,League,Round 4,FT90,False,Chongqing Tongliang Long,
CSL,2026,2026-04-05,Shenzhen Peng City,Wuhan Three Towns,5,2,False,League,Round 4,FT90,False,Shenzhen Peng City,
CSL,2026,2026-04-05,Tianjin Jinmen Tiger,Shanghai Shenhua,2,3,False,League,Round 4,FT90,False,Shanghai Shenhua,
CSL,2026,2026-04-10,Dalian Yingbo,Zhejiang Professional,3,0,False,League,Round 5,FT90,False,Dalian Yingbo,
CSL,2026,2026-04-11,Chongqing Tongliang Long,Wuhan Three Towns,2,1,False,League,Round 5,FT90,False,Chongqing Tongliang Long,
CSL,2026,2026-04-11,Qingdao West Coast,Liaoning Tieren,1,1,False,League,Round 5,FT90,False,,
CSL,2026,2026-04-11,Henan,Shandong Taishan,0,1,False,League,Round 5,FT90,False,Shandong Taishan,
CSL,2026,2026-04-11,Shanghai Shenhua,Shanghai Port,1,0,False,League,Round 5,FT90,False,Shanghai Shenhua,
CSL,2026,2026-04-12,Tianjin Jinmen Tiger,Qingdao Hainiu,1,1,False,League,Round 5,FT90,False,,
CSL,2026,2026-04-12,Beijing Guoan,Chengdu Rongcheng,1,2,False,League,Round 5,FT90,False,Chengdu Rongcheng,
CSL,2026,2026-04-12,Shenzhen Peng City,Yunnan Yukun,3,4,False,League,Round 5,FT90,False,Yunnan Yukun,
CSL,2026,2026-04-17,Qingdao Hainiu,Qingdao West Coast,0,0,False,League,Round 6,FT90,False,,
CSL,2026,2026-04-17,Chongqing Tongliang Long,Shenzhen Peng City,2,0,False,League,Round 6,FT90,False,Chongqing Tongliang Long,
CSL,2026,2026-04-17,Shandong Taishan,Shanghai Port,1,1,False,League,Round 6,FT90,False,,
CSL,2026,2026-04-17,Wuhan Three Towns,Chengdu Rongcheng,0,1,False,League,Round 6,FT90,False,Chengdu Rongcheng,
CSL,2026,2026-04-17,Yunnan Yukun,Tianjin Jinmen Tiger,0,3,False,League,Round 6,FT90,False,Tianjin Jinmen Tiger,
CSL,2026,2026-04-17,Zhejiang Professional,Beijing Guoan,0,0,False,League,Round 6,FT90,False,,
CSL,2026,2026-04-18,Dalian Yingbo,Henan,2,1,False,League,Round 6,FT90,False,Dalian Yingbo,
CSL,2026,2026-04-18,Shanghai Shenhua,Liaoning Tieren,3,1,False,League,Round 6,FT90,False,Shanghai Shenhua,
CSL,2026,2026-04-21,Shenzhen Peng City,Beijing Guoan,0,1,False,League,Round 7,FT90,False,Beijing Guoan,
CSL,2026,2026-04-21,Chengdu Rongcheng,Yunnan Yukun,2,1,False,League,Round 7,FT90,False,Chengdu Rongcheng,
CSL,2026,2026-04-21,Wuhan Three Towns,Zhejiang Professional,2,0,False,League,Round 7,FT90,False,Wuhan Three Towns,
CSL,2026,2026-04-21,Shanghai Port,Chongqing Tongliang Long,1,2,False,League,Round 7,FT90,False,Chongqing Tongliang Long,
CSL,2026,2026-04-21,Tianjin Jinmen Tiger,Shandong Taishan,1,2,False,League,Round 7,FT90,False,Shandong Taishan,
CSL,2026,2026-04-22,Liaoning Tieren,Dalian Yingbo,0,1,False,League,Round 7,FT90,False,Dalian Yingbo,
CSL,2026,2026-04-22,Qingdao West Coast,Henan,0,0,False,League,Round 7,FT90,False,,
CSL,2026,2026-04-22,Shanghai Shenhua,Qingdao Hainiu,2,0,False,League,Round 7,FT90,False,Shanghai Shenhua,
CSL,2026,2026-04-25,Chengdu Rongcheng,Zhejiang Professional,4,0,False,League,Round 8,FT90,False,Chengdu Rongcheng,
CSL,2026,2026-04-25,Beijing Guoan,Tianjin Jinmen Tiger,2,4,False,League,Round 8,FT90,False,Tianjin Jinmen Tiger,
CSL,2026,2026-04-25,Shanghai Port,Wuhan Three Towns,4,0,False,League,Round 8,FT90,False,Shanghai Port,
CSL,2026,2026-04-26,Chongqing Tongliang Long,Qingdao West Coast,1,1,False,League,Round 8,FT90,False,,
CSL,2026,2026-04-26,Shenzhen Peng City,Liaoning Tieren,1,0,False,League,Round 8,FT90,False,Shenzhen Peng City,
CSL,2026,2026-04-26,Dalian Yingbo,Yunnan Yukun,1,3,False,League,Round 8,FT90,False,Yunnan Yukun,
CSL,2026,2026-04-26,Qingdao Hainiu,Shandong Taishan,4,1,False,League,Round 8,FT90,False,Qingdao Hainiu,
CSL,2026,2026-04-26,Henan,Shanghai Shenhua,0,3,False,League,Round 8,FT90,False,Shanghai Shenhua,
CSL,2026,2026-05-01,Dalian Yingbo,Chongqing Tongliang Long,1,0,False,League,Round 9,FT90,False,Dalian Yingbo,
CSL,2026,2026-05-01,Henan,Liaoning Tieren,4,0,False,League,Round 9,FT90,False,Henan,
CSL,2026,2026-05-01,Shandong Taishan,Qingdao West Coast,1,1,False,League,Round 9,FT90,False,,
CSL,2026,2026-05-01,Tianjin Jinmen Tiger,Wuhan Three Towns,2,2,False,League,Round 9,FT90,False,,
CSL,2026,2026-05-01,Shanghai Shenhua,Chengdu Rongcheng,2,3,False,League,Round 9,FT90,False,Chengdu Rongcheng,
CSL,2026,2026-05-02,Qingdao Hainiu,Shanghai Port,3,1,False,League,Round 9,FT90,False,Qingdao Hainiu,
CSL,2026,2026-05-02,Zhejiang Professional,Shenzhen Peng City,2,1,False,League,Round 9,FT90,False,Zhejiang Professional,
CSL,2026,2026-05-02,Yunnan Yukun,Beijing Guoan,3,3,False,League,Round 9,FT90,False,,
CSL,2026,2026-05-05,Qingdao West Coast,Tianjin Jinmen Tiger,1,1,False,League,Round 10,FT90,False,,
CSL,2026,2026-05-05,Liaoning Tieren,Chengdu Rongcheng,0,1,False,League,Round 10,FT90,False,Chengdu Rongcheng,
CSL,2026,2026-05-05,Shandong Taishan,Shanghai Shenhua,4,0,False,League,Round 10,FT90,False,Shandong Taishan,
CSL,2026,2026-05-05,Chongqing Tongliang Long,Henan,1,1,False,League,Round 10,FT90,False,,
CSL,2026,2026-05-06,Wuhan Three Towns,Qingdao Hainiu,1,3,False,League,Round 10,FT90,False,Qingdao Hainiu,
CSL,2026,2026-05-06,Beijing Guoan,Dalian Yingbo,3,0,False,League,Round 10,FT90,False,Beijing Guoan,
CSL,2026,2026-05-06,Shanghai Port,Shenzhen Peng City,1,1,False,League,Round 10,FT90,False,,
CSL,2026,2026-05-06,Yunnan Yukun,Zhejiang Professional,1,2,False,League,Round 10,FT90,False,Zhejiang Professional,
CSL,2026,2026-05-09,Shanghai Shenhua,Chongqing Tongliang Long,2,2,False,League,Round 11,FT90,False,,
CSL,2026,2026-05-09,Chengdu Rongcheng,Henan,3,0,False,League,Round 11,FT90,False,Chengdu Rongcheng,
CSL,2026,2026-05-10,Qingdao West Coast,Wuhan Three Towns,1,1,False,League,Round 11,FT90,False,,
CSL,2026,2026-05-10,Shenzhen Peng City,Shandong Taishan,1,2,False,League,Round 11,FT90,False,Shandong Taishan,
CSL,2026,2026-05-10,Liaoning Tieren,Yunnan Yukun,1,2,False,League,Round 11,FT90,False,Yunnan Yukun,
CSL,2026,2026-05-10,Beijing Guoan,Shanghai Port,2,2,False,League,Round 11,FT90,False,,
CSL,2026,2026-05-10,Zhejiang Professional,Tianjin Jinmen Tiger,1,1,False,League,Round 11,FT90,False,,
CSL,2026,2026-05-10,Qingdao Hainiu,Dalian Yingbo,3,1,False,League,Round 11,FT90,False,Qingdao Hainiu,
CSL,2026,2026-05-15,Henan,Shenzhen Peng City,1,0,False,League,Round 12,FT90,False,Henan,
CSL,2026,2026-05-15,Shanghai Port,Zhejiang Professional,2,2,False,League,Round 12,FT90,False,,
CSL,2026,2026-05-15,Tianjin Jinmen Tiger,Chengdu Rongcheng,1,2,False,League,Round 12,FT90,False,Chengdu Rongcheng,
CSL,2026,2026-05-15,Beijing Guoan,Qingdao Hainiu,4,2,False,League,Round 12,FT90,False,Beijing Guoan,
CSL,2026,2026-05-15,Dalian Yingbo,Qingdao West Coast,2,3,False,League,Round 12,FT90,False,Qingdao West Coast,
CSL,2026,2026-05-16,Wuhan Three Towns,Liaoning Tieren,2,2,False,League,Round 12,FT90,False,,
CSL,2026,2026-05-16,Shandong Taishan,Chongqing Tongliang Long,3,1,False,League,Round 12,FT90,False,Shandong Taishan,
CSL,2026,2026-05-16,Yunnan Yukun,Shanghai Shenhua,1,0,False,League,Round 12,FT90,False,Yunnan Yukun,
CSL,2026,2026-05-19,Shenzhen Peng City,Dalian Yingbo,1,1,False,League,Round 13,FT90,False,,
CSL,2026,2026-05-19,Tianjin Jinmen Tiger,Henan,1,2,False,League,Round 13,FT90,False,Henan,
CSL,2026,2026-05-19,Chengdu Rongcheng,Shanghai Port,0,1,False,League,Round 13,FT90,False,Shanghai Port,
CSL,2026,2026-05-19,Qingdao West Coast,Beijing Guoan,1,1,False,League,Round 13,FT90,False,,
CSL,2026,2026-05-20,Liaoning Tieren,Qingdao Hainiu,2,1,False,League,Round 13,FT90,False,Liaoning Tieren,
CSL,2026,2026-05-20,Shanghai Shenhua,Wuhan Three Towns,2,2,False,League,Round 13,FT90,False,,
CSL,2026,2026-05-20,Chongqing Tongliang Long,Yunnan Yukun,0,0,False,League,Round 13,FT90,False,,
CSL,2026,2026-05-20,Zhejiang Professional,Shandong Taishan,4,1,False,League,Round 13,FT90,False,Zhejiang Professional,
CSL,2026,2026-05-23,Shanghai Port,Tianjin Jinmen Tiger,1,1,False,League,Round 14,FT90,False,,
CSL,2026,2026-05-23,Beijing Guoan,Henan,1,2,False,League,Round 14,FT90,False,Henan,
CSL,2026,2026-05-23,Dalian Yingbo,Chengdu Rongcheng,2,0,False,League,Round 14,FT90,False,Dalian Yingbo,
CSL,2026,2026-05-24,Qingdao Hainiu,Chongqing Tongliang Long,0,1,False,League,Round 14,FT90,False,Chongqing Tongliang Long,
CSL,2026,2026-05-24,Yunnan Yukun,Qingdao West Coast,2,3,False,League,Round 14,FT90,False,Qingdao West Coast,
CSL,2026,2026-05-24,Shandong Taishan,Wuhan Three Towns,3,3,False,League,Round 14,FT90,False,,
CSL,2026,2026-05-24,Zhejiang Professional,Liaoning Tieren,0,5,False,League,Round 14,FT90,False,Liaoning Tieren,
CSL,2026,2026-05-24,Shanghai Shenhua,Shenzhen Peng City,1,2,False,League,Round 14,FT90,False,Shenzhen Peng City,
CSL,2026,2026-05-29,Liaoning Tieren,Shanghai Port,3,2,False,League,Round 15,FT90,False,Liaoning Tieren,
CSL,2026,2026-05-30,Qingdao West Coast,Shanghai Shenhua,2,2,False,League,Round 15,FT90,False,,
CSL,2026,2026-05-30,Henan,Zhejiang Professional,0,2,False,League,Round 15,FT90,False,Zhejiang Professional,
CSL,2026,2026-05-30,Chengdu Rongcheng,Shandong Taishan,1,0,False,League,Round 15,FT90,False,Chengdu Rongcheng,
CSL,2026,2026-05-30,Chongqing Tongliang Long,Beijing Guoan,2,3,False,League,Round 15,FT90,False,Beijing Guoan,
CSL,2026,2026-05-30,Shenzhen Peng City,Qingdao Hainiu,3,2,False,League,Round 15,FT90,False,Shenzhen Peng City,
CSL,2026,2026-05-31,Tianjin Jinmen Tiger,Dalian Yingbo,1,0,False,League,Round 15,FT90,False,Tianjin Jinmen Tiger,
CSL,2026,2026-05-31,Wuhan Three Towns,Yunnan Yukun,1,1,False,League,Round 15,FT90,False,,
CSL,2026,2026-06-26,Qingdao Hainiu,Yunnan Yukun,4,2,False,League,Round 16,FT90,False,Qingdao Hainiu,
CSL,2026,2026-06-27,Liaoning Tieren,Shandong Taishan,1,5,False,League,Round 16,FT90,False,Shandong Taishan,
CSL,2026,2026-06-27,Henan,Shanghai Port,1,2,False,League,Round 16,FT90,False,Shanghai Port,
CSL,2026,2026-06-27,Shenzhen Peng City,Chengdu Rongcheng,2,3,False,League,Round 16,FT90,False,Chengdu Rongcheng,
CSL,2026,2026-06-27,Chongqing Tongliang Long,Tianjin Jinmen Tiger,1,0,False,League,Round 16,FT90,False,Chongqing Tongliang Long,
CSL,2026,2026-06-27,Beijing Guoan,Wuhan Three Towns,1,0,False,League,Round 16,FT90,False,Beijing Guoan,
CSL,2026,2026-06-28,Qingdao West Coast,Zhejiang Professional,3,1,False,League,Round 16,FT90,False,Qingdao West Coast,
CSL,2026,2026-06-28,Dalian Yingbo,Shanghai Shenhua,1,4,False,League,Round 16,FT90,False,Shanghai Shenhua,
CSL,2026,2026-07-03,Yunnan Yukun,Henan,2,1,False,League,Round 17,FT90,False,Yunnan Yukun,
CSL,2026,2026-07-04,Liaoning Tieren,Chongqing Tongliang Long,3,1,False,League,Round 17,FT90,False,Liaoning Tieren,
CSL,2026,2026-07-04,Qingdao West Coast,Shanghai Port,2,1,False,League,Round 17,FT90,False,Qingdao West Coast,
CSL,2026,2026-07-04,Beijing Guoan,Shandong Taishan,2,0,False,League,Round 17,FT90,False,Beijing Guoan,
CSL,2026,2026-07-04,Dalian Yingbo,Wuhan Three Towns,3,2,False,League,Round 17,FT90,False,Dalian Yingbo,
CSL,2026,2026-07-04,Tianjin Jinmen Tiger,Shenzhen Peng City,3,0,False,League,Round 17,FT90,False,Tianjin Jinmen Tiger,
CSL,2026,2026-07-05,Qingdao Hainiu,Chengdu Rongcheng,1,1,False,League,Round 17,FT90,False,,
CSL,2026,2026-07-05,Shanghai Shenhua,Zhejiang Professional,3,2,False,League,Round 17,FT90,False,Shanghai Shenhua,
CSL,2026,2026-07-10,Shandong Taishan,Yunnan Yukun,4,3,False,League,Round 18,FT90,False,Shandong Taishan,
CSL,2026,2026-07-11,Shenzhen Peng City,Qingdao West Coast,3,0,False,League,Round 18,FT90,False,Shenzhen Peng City,
CSL,2026,2026-07-11,Chengdu Rongcheng,Chongqing Tongliang Long,1,1,False,League,Round 18,FT90,False,,
CSL,2026,2026-07-14,Zhejiang Professional,Qingdao Hainiu,3,2,False,League,Round 18,FT90,False,Zhejiang Professional,
CSL,2026,2026-07-17,Qingdao West Coast,Chengdu Rongcheng,1,1,False,League,Round 19,FT90,False,,
CSL,2026,2026-07-17,Henan,Qingdao Hainiu,5,1,False,League,Round 19,FT90,False,Henan,
CSL,2026,2026-07-17,Beijing Guoan,Liaoning Tieren,1,1,False,League,Round 19,FT90,False,,
CSL,2026,2026-07-17,Yunnan Yukun,Shanghai Port,2,2,False,League,Round 19,FT90,False,,
CSL,2026,2026-07-18,Chongqing Tongliang Long,Zhejiang Professional,1,1,False,League,Round 19,FT90,False,,
CSL,2026,2026-07-18,Shanghai Shenhua,Tianjin Jinmen Tiger,0,2,False,League,Round 19,FT90,False,Tianjin Jinmen Tiger,
CSL,2026,2026-07-18,Dalian Yingbo,Shandong Taishan,3,1,False,League,Round 19,FT90,False,Dalian Yingbo,
CSL,2026,2026-07-18,Wuhan Three Towns,Shenzhen Peng City,2,0,False,League,Round 19,FT90,False,Wuhan Three Towns,
CSL,2026,2026-08-18,Shanghai Shenhua,Beijing Guoan,0,3,False,League,Round 18,FT90,False,Beijing Guoan,Rescheduled match
CSL,2026,2026-08-19,Shanghai Port,Dalian Yingbo,1,1,False,League,Round 18,FT90,False,,Rescheduled match
CSL,2026,2026-07-25,Qingdao Hainiu,Tianjin Jinmen Tiger,0,2,False,League,Round 20,FT90,False,Tianjin Jinmen Tiger,
CSL,2026,2026-07-25,Liaoning Tieren,Qingdao West Coast,0,1,False,League,Round 20,FT90,False,Qingdao West Coast,
CSL,2026,2026-07-25,Shanghai Port,Shanghai Shenhua,2,0,False,League,Round 20,FT90,False,Shanghai Port,
CSL,2026,2026-07-25,Wuhan Three Towns,Chongqing Tongliang Long,1,0,False,League,Round 20,FT90,False,Wuhan Three Towns,
CSL,2026,2026-07-26,Yunnan Yukun,Shenzhen Peng City,4,3,False,League,Round 20,FT90,False,Yunnan Yukun,
CSL,2026,2026-07-26,Shandong Taishan,Henan,1,2,False,League,Round 20,FT90,False,Henan,
CSL,2026,2026-07-26,Chengdu Rongcheng,Beijing Guoan,2,2,False,League,Round 20,FT90,False,,
CSL,2026,2026-07-26,Zhejiang Professional,Dalian Yingbo,3,2,False,League,Round 20,FT90,False,Zhejiang Professional,
CSL,2026,2026-07-31,Henan,Dalian Yingbo,1,1,False,League,Round 21,FT90,False,,
CSL,2026,2026-08-01,Tianjin Jinmen Tiger,Yunnan Yukun,3,2,False,League,Round 21,FT90,False,Tianjin Jinmen Tiger,
CSL,2026,2026-08-01,Shanghai Port,Shandong Taishan,0,1,False,League,Round 21,FT90,False,Shandong Taishan,
CSL,2026,2026-08-01,Beijing Guoan,Zhejiang Professional,2,1,False,League,Round 21,FT90,False,Beijing Guoan,
CSL,2026,2026-08-01,Chengdu Rongcheng,Wuhan Three Towns,1,1,False,League,Round 21,FT90,False,,
CSL,2026,2026-08-02,Shenzhen Peng City,Chongqing Tongliang Long,2,0,False,League,Round 21,FT90,False,Shenzhen Peng City,
CSL,2026,2026-08-02,Qingdao West Coast,Qingdao Hainiu,2,0,False,League,Round 21,FT90,False,Qingdao West Coast,
CSL,2026,2026-08-02,Liaoning Tieren,Shanghai Shenhua,3,1,False,League,Round 21,FT90,False,Liaoning Tieren,
CSL,2026,2026-08-07,Beijing Guoan,Shenzhen Peng City,4,0,False,League,Round 22,FT90,False,Beijing Guoan,
CSL,2026,2026-08-08,Qingdao Hainiu,Shanghai Shenhua,0,1,False,League,Round 22,FT90,False,Shanghai Shenhua,
CSL,2026,2026-08-08,Dalian Yingbo,Liaoning Tieren,1,0,False,League,Round 22,FT90,False,Dalian Yingbo,
CSL,2026,2026-08-08,Yunnan Yukun,Chengdu Rongcheng,1,0,False,League,Round 22,FT90,False,Yunnan Yukun,
CSL,2026,2026-08-09,Henan,Qingdao West Coast,0,0,False,League,Round 22,FT90,False,,
CSL,2026,2026-08-09,Chongqing Tongliang Long,Shanghai Port,2,3,False,League,Round 22,FT90,False,Shanghai Port,
CSL,2026,2026-08-09,Shandong Taishan,Tianjin Jinmen Tiger,2,1,False,League,Round 22,FT90,False,Shandong Taishan,
CSL,2026,2026-08-14,Shandong Taishan,Qingdao Hainiu,3,1,False,League,Round 23,FT90,False,Shandong Taishan,
CSL,2026,2026-08-14,Wuhan Three Towns,Shanghai Port,2,3,False,League,Round 23,FT90,False,Shanghai Port,
CSL,2026,2026-08-14,Qingdao West Coast,Chongqing Tongliang Long,0,0,False,League,Round 23,FT90,False,,
CSL,2026,2026-08-15,Liaoning Tieren,Shenzhen Peng City,1,2,False,League,Round 23,FT90,False,Shenzhen Peng City,
CSL,2026,2026-08-15,Tianjin Jinmen Tiger,Beijing Guoan,2,4,False,League,Round 23,FT90,False,Beijing Guoan,
CSL,2026,2026-08-15,Zhejiang Professional,Chengdu Rongcheng,2,3,False,League,Round 23,FT90,False,Chengdu Rongcheng,
CSL,2026,2026-08-15,Yunnan Yukun,Dalian Yingbo,3,1,False,League,Round 23,FT90,False,Yunnan Yukun,
CSL,2026,2026-08-15,Shanghai Shenhua,Henan,4,1,False,League,Round 23,FT90,False,Shanghai Shenhua,
CSL,2026,2026-08-22,Wuhan Three Towns,Tianjin Jinmen Tiger,0,0,False,League,Round 24,FT90,False,,
CSL,2026,2026-08-22,Chengdu Rongcheng,Shanghai Shenhua,4,5,False,League,Round 24,FT90,False,Shanghai Shenhua,
CSL,2026,2026-08-22,Shenzhen Peng City,Zhejiang Professional,1,1,False,League,Round 24,FT90,False,,
CSL,2026,2026-08-22,Beijing Guoan,Yunnan Yukun,3,3,False,League,Round 24,FT90,False,,
CSL,2026,2026-08-22,Qingdao West Coast,Shandong Taishan,2,0,False,League,Round 24,FT90,False,Qingdao West Coast,
